round	timestamp	change_id	scope	decision	rationale	score_delta
001	2026-05-05T04:00:00Z	C-01	onboarding/onboarding.html	KEPT	wizard 4 steps -> 7 steps (welcome / pin / confirm / recovery-merged / categories / advanced / done); user asked "一页一页 not 全部卡片"; covers categories enable + custom-deny + schedule init in init flow	+0.30
001	2026-05-05T04:00:00Z	C-02	onboarding/onboarding.js	KEPT	added next-1/next-4/next-5/next-6 with PIN_VERIFY auto-unlock after PIN_SETUP so step 5/6 mutations pass server-side gate; CATEGORY_TOGGLE / BLOCKLIST_UPDATE / SCHEDULE_UPDATE wired via existing MSG_TYPES; normalizeHost reused	+0.20
001	2026-05-05T04:00:00Z	C-03	onboarding/onboarding.css	KEPT	added kg-feature-list / kg-cat-list / kg-fieldset / kg-textarea / kg-checkbox / kg-sched-row styles + responsive stepper hide-labels @640px; ASCII-only comments preserved	+0.05
001	2026-05-05T04:00:00Z	D-01	options/options.html	UNCHANGED_CONFIRMED	existing PIN modal + sidebar lock-pill already enforce "parent-only"; user concern "只有家长可以修改" already covered v1; no change needed	0
001	2026-05-05T04:00:00Z	D-02	blocked/blocked.html	UNCHANGED_CONFIRMED	existing line "想解锁? 请联系家长输入 PIN" already addresses kid-side awareness; no change needed	0
001	2026-05-05T04:00:00Z	V-01	bundle size	PASS	onboarding 17.4 KB -> 33.0 KB (under 80 KB budget); total 376.3 KB -> 521.5 KB (under 800 KB); zip 72 KB -> 122.8 KB	0
001	2026-05-05T04:00:00Z	V-02	node --check	PASS	all JS files parse cleanly	0
001	2026-05-05T04:00:00Z	V-03	30-sample fixture	PASS	regression check 30/30 still 100%; ruleset untouched	0
002	2026-05-05T04:30:00Z	C-04	onboarding/onboarding.css	KEPT	P0 root cause confirmed: .kg-page{display:flex} (specificity 0,1,0) overrode UA [hidden]{display:none}. One-line fix [hidden]{display:none!important} at line 7 ensures all 7 pages collapse correctly. Live browser probe confirms exactly 1 visible page on load (visible_data_page=1, 6 others computedDisplay=none).	+0.40
002	2026-05-05T04:30:00Z	C-05	onboarding/onboarding.css	KEPT	P1 design polish: page-in 180ms slide animation (prefers-reduced-motion guarded) / stepper non-active labels hidden (only current step shows label) / active dot scale(1.08) + 3px halo / panel min-height 320 -> 460 (no jump on advance) / actions row bottom-pinned with margin-top:auto / primary btn min-width 104 + box-shadow lift / kg-page-in keyframe	+0.10
002	2026-05-05T04:30:00Z	C-06	onboarding/onboarding.css	KEPT	P2 polish: feature-list custom dot ::before (accent 6px, 0.7 opacity) / kg-cat-row :has(input:checked) left-border 3px accent (selected state visual) / kg-h1-sub italic 13px text-secondary	+0.03
002	2026-05-05T04:30:00Z	C-07	onboarding/onboarding.js	KEPT	P3 a11y: showPage focuses .kg-h1 first (programmatic via tabindex=-1, focus-visible suppressed for non-keyboard) with input/button fallback. State machine and PIN_SETUP+VERIFY flow untouched.	+0.02
002	2026-05-05T04:30:00Z	V-04	regression: bundle / sample / CSS / node-check	PASS	onboarding 35.9 KB (under 80 KB) / total 524.4 KB / zip 123.9 KB / 30/30 sample 100% / CSS ASCII 0 hit / node --check pass / ceo-rounds-verify.sh exit 0	0
003	2026-05-05T05:50:00Z	C-08	README.md / LICENSE / .gitignore	KEPT	GitHub repo root files for open-source release. README explains repo structure, install steps, privacy invariants, attribution to GEI Agent. MIT license. .gitignore covers extension/dist/ + .vercel/ + macOS/Editor cruft.	+0.20
003	2026-05-05T05:50:00Z	C-09	website/index.html	KEPT	9-section landing: header / hero (full-bleed shield bg) / pain comparison vs BlockSite / 6 feature cards / privacy invariants quoting SOUL.md / 7-step onboarding rail / 4-step install / 8-item FAQ (native details/summary, JS-free) / footer. zh-CN, dark-default + light fallback, GA G-NWMQ1ZWXL1 only external. 17.8 KB.	+0.15
003	2026-05-05T05:50:00Z	C-10	website/style.css	KEPT	Reuses onboarding design tokens (Superhuman dark + accent #5E7CE2). Responsive 960/640 breakpoints. CSS comments ASCII-only. 15.7 KB.	+0.05
003	2026-05-05T05:50:00Z	C-11	website/assets/*.jpg	KEPT	3 hero images via gei-imagine APImart gpt-image-2: hero-shield.jpg (4K 21:9 281KB) / hero-wizard.jpg (2K 16:9 122KB) / hero-privacy.jpg (2K 16:9 203KB). Total 596 KB after PNG->JPEG q80 (compressed 94% from raw 9.6MB).	+0.10
003	2026-05-05T05:50:00Z	C-12	vercel.json (root)	KEPT	cleanUrls=false (avoid pitfall_vercel_cleanurls_rewrite_root) + outputDirectory=website. Vercel detects + builds website/ subdir as static.	+0.05
003	2026-05-05T05:50:00Z	D-03	GitHub repo	KEPT	gh repo create lukeliu95/kid-guard --public --source=. --push -> repo live. 86 files initial commit + .vercel link commit. Branch main. License MIT.	+0.20
003	2026-05-05T05:50:00Z	D-04	Vercel deploy	KEPT	vercel --prod --yes from repo root -> auto-detected git repo + auto-connected GitHub. Production URL https://kid-guard-pi.vercel.app HTTP 200 / 17.8KB / 0.5s. hero-shield.jpg HTTP 200 / 281KB / image/jpeg. Future git push triggers auto-rebuild via Vercel GitHub integration.	+0.20
003	2026-05-05T05:50:00Z	V-05	live URL probe	PASS	curl https://kid-guard-pi.vercel.app/ -> 200 OK + html lang=zh-CN + GA G-NWMQ1ZWXL1 2 hits + hero img 200 OK	0
